<?xml version="1.0" encoding="utf-8"?>
<SimpleTVXml ver="1.0"><input><inputnode Id="0" Vkey="21692416" Vkey1="37" CtrlKey="0" Xkey="0" AllowRepeat="0" LircKey="" LircRemote="" Global="0"/><inputnode Id="1" Vkey="21823488" Vkey1="39" CtrlKey="0" Xkey="0" AllowRepeat="0" LircKey="" LircRemote="" Global="0"/><inputnode Id="3" Vkey="21495808" Vkey1="38" CtrlKey="0" Xkey="32770" AllowRepeat="0" LircKey="" LircRemote="" Global="0"/><inputnode Id="4" Vkey="22020096" Vkey1="40" CtrlKey="0" Xkey="32771" AllowRepeat="0" LircKey="" LircRemote="" Global="0"/><inputnode Id="103" Vkey="22151168" Vkey1="45" CtrlKey="0" Xkey="0" AllowRepeat="0" LircKey="" LircRemote="" Global="0"/><inputnode Id="102" Vkey="22216704" Vkey1="46" CtrlKey="0" Xkey="0" AllowRepeat="0" LircKey="" LircRemote="" Global="0"/><inputnode Id="2" Vkey="917504" Vkey1="8" CtrlKey="0" Xkey="0" AllowRepeat="0" LircKey="" LircRemote="" Global="0"/><inputnode Id="5" Vkey="1835008" Vkey1="13" CtrlKey="0" Xkey="32769" AllowRepeat="0" LircKey="" LircRemote="" Global="0"/><inputnode Id="37" Vkey="65536" Vkey1="27" CtrlKey="0" Xkey="0" AllowRepeat="0" LircKey="" LircRemote="" Global="0"/><inputnode Id="79" Vkey="3014656" Vkey1="67" CtrlKey="3" Xkey="0" AllowRepeat="0" LircKey="" LircRemote="" Global="0"/><inputnode Id="95" Vkey="3932160" Vkey1="113" CtrlKey="0" Xkey="0" AllowRepeat="0" LircKey="" LircRemote="" Global="0"/><inputnode Id="69" Vkey="1572864" Vkey1="79" CtrlKey="1" Xkey="0" AllowRepeat="0" LircKey="" LircRemote="" Global="0"/><inputnode Id="12" Vkey="2949120" Vkey1="88" CtrlKey="1" Xkey="0" AllowRepeat="0" LircKey="" LircRemote="" Global="0"/><inputnode Id="32" Vkey="2949120" Vkey1="88" CtrlKey="2" Xkey="0" AllowRepeat="0" LircKey="" LircRemote="" Global="0"/><inputnode Id="73" Vkey="0" Vkey1="0" CtrlKey="0" Xkey="0" AllowRepeat="0" LircKey="" LircRemote="" Global="0"/><inputnode Id="14" Vkey="2162688" Vkey1="70" CtrlKey="0" Xkey="0" AllowRepeat="0" LircKey="" LircRemote="" Global="0"/><inputnode Id="34" Vkey="0" Vkey1="0" CtrlKey="0" Xkey="0" AllowRepeat="0" LircKey="" LircRemote="" Global="0"/><inputnode Id="74" Vkey="2162688" Vkey1="70" CtrlKey="2" Xkey="0" AllowRepeat="0" LircKey="" LircRemote="" Global="0"/><inputnode Id="35" Vkey="3014656" Vkey1="67" CtrlKey="0" Xkey="0" AllowRepeat="0" LircKey="" LircRemote="" Global="0"/><inputnode Id="72" Vkey="2686976" Vkey1="192" CtrlKey="0" Xkey="0" AllowRepeat="0" LircKey="" LircRemote="" Global="0"/><inputnode Id="98" Vkey="21430272" Vkey1="36" CtrlKey="1" Xkey="0" AllowRepeat="0" LircKey="" LircRemote="" Global="0"/><inputnode Id="107" Vkey="21954560" Vkey1="35" CtrlKey="1" Xkey="0" AllowRepeat="0" LircKey="" LircRemote="" Global="0"/><inputnode Id="68" Vkey="21561344" Vkey1="33" CtrlKey="1" Xkey="0" AllowRepeat="0" LircKey="" LircRemote="" Global="0"/><inputnode Id="85" Vkey="22085632" Vkey1="34" CtrlKey="1" Xkey="0" AllowRepeat="0" LircKey="" LircRemote="" Global="0"/><inputnode Id="113" Vkey="21954560" Vkey1="35" CtrlKey="3" Xkey="0" AllowRepeat="0" LircKey="" LircRemote="" Global="0"/><inputnode Id="104" Vkey="2162688" Vkey1="70" CtrlKey="1" Xkey="0" AllowRepeat="0" LircKey="" LircRemote="" Global="0"/><inputnode Id="105" Vkey="3211264" Vkey1="78" CtrlKey="1" Xkey="0" AllowRepeat="0" LircKey="" LircRemote="" Global="0"/><inputnode Id="112" Vkey="3211264" Vkey1="78" CtrlKey="2" Xkey="0" AllowRepeat="0" LircKey="" LircRemote="" Global="0"/><inputnode Id="63" Vkey="2424832" Vkey1="75" CtrlKey="0" Xkey="0" AllowRepeat="0" LircKey="" LircRemote="" Global="0"/><inputnode Id="11" Vkey="2031616" Vkey1="83" CtrlKey="0" Xkey="0" AllowRepeat="0" LircKey="" LircRemote="" Global="0"/><inputnode Id="54" Vkey="3735552" Vkey1="32" CtrlKey="0" Xkey="0" AllowRepeat="0" LircKey="" LircRemote="" Global="0"/><inputnode Id="55" Vkey="5046272" Vkey1="39" CtrlKey="0" Xkey="0" AllowRepeat="0" LircKey="" LircRemote="" Global="0"/><inputnode Id="56" Vkey="4915200" Vkey1="37" CtrlKey="0" Xkey="0" AllowRepeat="0" LircKey="" LircRemote="" Global="0"/><inputnode Id="57" Vkey="21823488" Vkey1="39" CtrlKey="1" Xkey="0" AllowRepeat="0" LircKey="" LircRemote="" Global="0"/><inputnode Id="58" Vkey="21692416" Vkey1="37" CtrlKey="1" Xkey="0" AllowRepeat="0" LircKey="" LircRemote="" Global="0"/><inputnode Id="59" Vkey="21495808" Vkey1="38" CtrlKey="1" Xkey="0" AllowRepeat="0" LircKey="" LircRemote="" Global="0"/><inputnode Id="60" Vkey="22020096" Vkey1="40" CtrlKey="1" Xkey="0" AllowRepeat="0" LircKey="" LircRemote="" Global="0"/><inputnode Id="75" Vkey="4980736" Vkey1="12" CtrlKey="0" Xkey="0" AllowRepeat="0" LircKey="" LircRemote="" Global="0"/><inputnode Id="82" Vkey="4718592" Vkey1="38" CtrlKey="0" Xkey="0" AllowRepeat="0" LircKey="" LircRemote="" Global="0"/><inputnode Id="99" Vkey="3145728" Vkey1="66" CtrlKey="0" Xkey="0" AllowRepeat="0" LircKey="" LircRemote="" Global="0"/><inputnode Id="15" Vkey="3997696" Vkey1="114" CtrlKey="0" Xkey="0" AllowRepeat="0" LircKey="" LircRemote="" Global="0"/><inputnode Id="42" Vkey="4063232" Vkey1="115" CtrlKey="0" Xkey="0" AllowRepeat="0" LircKey="" LircRemote="" Global="0"/><inputnode Id="86" Vkey="4325376" Vkey1="119" CtrlKey="0" Xkey="0" AllowRepeat="0" LircKey="" LircRemote="" Global="0"/><inputnode Id="83" Vkey="4128768" Vkey1="116" CtrlKey="0" Xkey="0" AllowRepeat="0" LircKey="" LircRemote="" Global="0"/><inputnode Id="106" Vkey="3997696" Vkey1="114" CtrlKey="1" Xkey="0" AllowRepeat="0" LircKey="" LircRemote="" Global="0"/><inputnode Id="18" Vkey="1114112" Vkey1="87" CtrlKey="0" Xkey="0" AllowRepeat="0" LircKey="" LircRemote="" Global="0"/><inputnode Id="97" Vkey="1114112" Vkey1="87" CtrlKey="2" Xkey="0" AllowRepeat="0" LircKey="" LircRemote="" Global="0"/><inputnode Id="13" Vkey="3276800" Vkey1="77" CtrlKey="0" Xkey="0" AllowRepeat="0" LircKey="" LircRemote="" Global="0"/><inputnode Id="61" Vkey="19922944" Vkey1="175" CtrlKey="0" Xkey="0" AllowRepeat="0" LircKey="" LircRemote="" Global="0"/><inputnode Id="62" Vkey="19791872" Vkey1="174" CtrlKey="0" Xkey="0" AllowRepeat="0" LircKey="" LircRemote="" Global="0"/><inputnode Id="19" Vkey="0" Vkey1="0" CtrlKey="0" Xkey="0" AllowRepeat="0" LircKey="" LircRemote="" Global="0"/><inputnode Id="20" Vkey="0" Vkey1="0" CtrlKey="0" Xkey="0" AllowRepeat="0" LircKey="" LircRemote="" Global="0"/><inputnode Id="21" Vkey="0" Vkey1="0" CtrlKey="0" Xkey="0" AllowRepeat="0" LircKey="" LircRemote="" Global="0"/><inputnode Id="22" Vkey="0" Vkey1="0" CtrlKey="0" Xkey="0" AllowRepeat="0" LircKey="" LircRemote="" Global="0"/><inputnode Id="23" Vkey="0" Vkey1="0" CtrlKey="0" Xkey="0" AllowRepeat="0" LircKey="" LircRemote="" Global="0"/><inputnode Id="24" Vkey="0" Vkey1="0" CtrlKey="0" Xkey="0" AllowRepeat="0" LircKey="" LircRemote="" Global="0"/><inputnode Id="25" Vkey="0" Vkey1="0" CtrlKey="0" Xkey="0" AllowRepeat="0" LircKey="" LircRemote="" Global="0"/><inputnode Id="26" Vkey="0" Vkey1="0" CtrlKey="0" Xkey="0" AllowRepeat="0" LircKey="" LircRemote="" Global="0"/><inputnode Id="27" Vkey="0" Vkey1="0" CtrlKey="0" Xkey="0" AllowRepeat="0" LircKey="" LircRemote="" Global="0"/><inputnode Id="28" Vkey="0" Vkey1="0" CtrlKey="0" Xkey="0" AllowRepeat="0" LircKey="" LircRemote="" Global="0"/><inputnode Id="29" Vkey="5111808" Vkey1="107" CtrlKey="0" Xkey="0" AllowRepeat="0" LircKey="" LircRemote="" Global="0"/><inputnode Id="30" Vkey="4849664" Vkey1="109" CtrlKey="0" Xkey="0" AllowRepeat="0" LircKey="" LircRemote="" Global="0"/><inputnode Id="70" Vkey="5439488" Vkey1="46" CtrlKey="0" Xkey="0" AllowRepeat="0" LircKey="" LircRemote="" Global="0"/><inputnode Id="71" Vkey="5373952" Vkey1="45" CtrlKey="0" Xkey="0" AllowRepeat="0" LircKey="" LircRemote="" Global="0"/><inputnode Id="87" Vkey="3080192" Vkey1="86" CtrlKey="0" Xkey="0" AllowRepeat="0" LircKey="" LircRemote="" Global="0"/><inputnode Id="16" Vkey="2097152" Vkey1="68" CtrlKey="0" Xkey="0" AllowRepeat="0" LircKey="" LircRemote="" Global="0"/><inputnode Id="41" Vkey="1048576" Vkey1="81" CtrlKey="1" Xkey="0" AllowRepeat="0" LircKey="" LircRemote="" Global="0"/><inputnode Id="17" Vkey="1048576" Vkey1="81" CtrlKey="0" Xkey="0" AllowRepeat="0" LircKey="" LircRemote="" Global="0"/><inputnode Id="7" Vkey="1638400" Vkey1="80" CtrlKey="0" Xkey="0" AllowRepeat="0" LircKey="" LircRemote="" Global="0"/><inputnode Id="64" Vkey="1638400" Vkey1="80" CtrlKey="1" Xkey="0" AllowRepeat="0" LircKey="" LircRemote="" Global="0"/><inputnode Id="33" Vkey="2555904" Vkey1="186" CtrlKey="0" Xkey="0" AllowRepeat="0" LircKey="" LircRemote="" Global="0"/><inputnode Id="10" Vkey="2621440" Vkey1="222" CtrlKey="0" Xkey="0" AllowRepeat="0" LircKey="" LircRemote="" Global="0"/><inputnode Id="8" Vkey="1769472" Vkey1="221" CtrlKey="0" Xkey="0" AllowRepeat="0" LircKey="" LircRemote="" Global="0"/><inputnode Id="9" Vkey="1703936" Vkey1="219" CtrlKey="0" Xkey="0" AllowRepeat="0" LircKey="" LircRemote="" Global="0"/><inputnode Id="66" Vkey="5111808" Vkey1="107" CtrlKey="1" Xkey="0" AllowRepeat="0" LircKey="" LircRemote="" Global="0"/><inputnode Id="67" Vkey="4849664" Vkey1="109" CtrlKey="1" Xkey="0" AllowRepeat="0" LircKey="" LircRemote="" Global="0"/><inputnode Id="6" Vkey="2490368" Vkey1="76" CtrlKey="0" Xkey="2" AllowRepeat="0" LircKey="" LircRemote="" Global="0"/><inputnode Id="36" Vkey="1507328" Vkey1="73" CtrlKey="0" Xkey="1" AllowRepeat="0" LircKey="" LircRemote="" Global="0"/><inputnode Id="76" Vkey="1507328" Vkey1="73" CtrlKey="2" Xkey="0" AllowRepeat="0" LircKey="" LircRemote="" Global="0"/><inputnode Id="94" Vkey="2031616" Vkey1="83" CtrlKey="2" Xkey="0" AllowRepeat="0" LircKey="" LircRemote="" Global="0"/><inputnode Id="38" Vkey="2031616" Vkey1="83" CtrlKey="1" Xkey="0" AllowRepeat="0" LircKey="" LircRemote="" Global="0"/><inputnode Id="84" Vkey="4194304" Vkey1="117" CtrlKey="0" Xkey="0" AllowRepeat="0" LircKey="" LircRemote="" Global="0"/><inputnode Id="39" Vkey="1441792" Vkey1="85" CtrlKey="1" Xkey="0" AllowRepeat="0" LircKey="" LircRemote="" Global="0"/><inputnode Id="40" Vkey="1441792" Vkey1="85" CtrlKey="2" Xkey="0" AllowRepeat="0" LircKey="" LircRemote="" Global="0"/><inputnode Id="65" Vkey="1507328" Vkey1="73" CtrlKey="1" Xkey="0" AllowRepeat="0" LircKey="" LircRemote="" Global="0"/><inputnode Id="31" Vkey="1310720" Vkey1="84" CtrlKey="0" Xkey="0" AllowRepeat="0" LircKey="" LircRemote="" Global="0"/><inputnode Id="77" Vkey="21561344" Vkey1="33" CtrlKey="0" Xkey="0" AllowRepeat="0" LircKey="" LircRemote="" Global="0"/><inputnode Id="78" Vkey="22085632" Vkey1="34" CtrlKey="0" Xkey="0" AllowRepeat="0" LircKey="" LircRemote="" Global="0"/><inputnode Id="80" Vkey="21430272" Vkey1="36" CtrlKey="0" Xkey="0" AllowRepeat="0" LircKey="" LircRemote="" Global="0"/><inputnode Id="81" Vkey="21954560" Vkey1="35" CtrlKey="0" Xkey="0" AllowRepeat="0" LircKey="" LircRemote="" Global="0"/><inputnode Id="96" Vkey="1572864" Vkey1="79" CtrlKey="2" Xkey="0" AllowRepeat="0" LircKey="" LircRemote="" Global="0"/><inputnode Id="101" Vkey="5701632" Vkey1="122" CtrlKey="0" Xkey="0" AllowRepeat="0" LircKey="" LircRemote="" Global="0"/><inputnode Id="100" Vkey="3145728" Vkey1="66" CtrlKey="1" Xkey="0" AllowRepeat="0" LircKey="" LircRemote="" Global="0"/><inputnode Id="108" Vkey="3276800" Vkey1="77" CtrlKey="1" Xkey="0" AllowRepeat="0" LircKey="" LircRemote="" Global="0"/><inputnode Id="88" Vkey="1114112" Vkey1="87" CtrlKey="1" Xkey="0" AllowRepeat="0" LircKey="" LircRemote="" Global="0"/><inputnode Id="89" Vkey="3080192" Vkey1="86" CtrlKey="1" Xkey="0" AllowRepeat="0" LircKey="" LircRemote="" Global="0"/><inputnode Id="90" Vkey="1966080" Vkey1="65" CtrlKey="1" Xkey="0" AllowRepeat="0" LircKey="" LircRemote="" Global="0"/><inputnode Id="91" Vkey="2097152" Vkey1="68" CtrlKey="1" Xkey="0" AllowRepeat="0" LircKey="" LircRemote="" Global="0"/><inputnode Id="92" Vkey="1179648" Vkey1="69" CtrlKey="1" Xkey="0" AllowRepeat="0" LircKey="" LircRemote="" Global="0"/><inputnode Id="93" Vkey="1245184" Vkey1="82" CtrlKey="1" Xkey="0" AllowRepeat="0" LircKey="" LircRemote="" Global="0"/><inputnode Id="43" Vkey="720896" Vkey1="48" CtrlKey="0" Xkey="0" AllowRepeat="0" LircKey="" LircRemote="" Global="0"/><inputnode Id="44" Vkey="131072" Vkey1="49" CtrlKey="0" Xkey="0" AllowRepeat="0" LircKey="" LircRemote="" Global="0"/><inputnode Id="45" Vkey="196608" Vkey1="50" CtrlKey="0" Xkey="0" AllowRepeat="0" LircKey="" LircRemote="" Global="0"/><inputnode Id="46" Vkey="262144" Vkey1="51" CtrlKey="0" Xkey="0" AllowRepeat="0" LircKey="" LircRemote="" Global="0"/><inputnode Id="47" Vkey="327680" Vkey1="52" CtrlKey="0" Xkey="0" AllowRepeat="0" LircKey="" LircRemote="" Global="0"/><inputnode Id="48" Vkey="393216" Vkey1="53" CtrlKey="0" Xkey="0" AllowRepeat="0" LircKey="" LircRemote="" Global="0"/><inputnode Id="49" Vkey="458752" Vkey1="54" CtrlKey="0" Xkey="0" AllowRepeat="0" LircKey="" LircRemote="" Global="0"/><inputnode Id="50" Vkey="524288" Vkey1="55" CtrlKey="0" Xkey="0" AllowRepeat="0" LircKey="" LircRemote="" Global="0"/><inputnode Id="51" Vkey="589824" Vkey1="56" CtrlKey="0" Xkey="0" AllowRepeat="0" LircKey="" LircRemote="" Global="0"/><inputnode Id="52" Vkey="655360" Vkey1="57" CtrlKey="0" Xkey="0" AllowRepeat="0" LircKey="" LircRemote="" Global="0"/><inputnode Id="53" Vkey="786432" Vkey1="189" CtrlKey="0" Xkey="0" AllowRepeat="0" LircKey="" LircRemote="" Global="0"/></input></SimpleTVXml>
