﻿<?xml version="1.0" encoding="utf-8" ?>

<!DOCTYPE SimpleTVSkin [
 <!ENTITY sliders SYSTEM "include/sliders.xml">
 <!ENTITY slidersXP SYSTEM "include/slidersXP.xml">
]>
   
<SimpleTVSkin ver="1.1" Author="SergeyVS" imagepre="\img\preview.jpg">

<loadanimation> 
 <main1 align="0x0202" type="file"  src="img\load\109.gif" />
 <main1 align="0x0202" type="dir"  count="8" delay="55" src="img\load\4\a%u.png" />
 <main1 align="0x0202" type="file"  src="img\load\029954.gif" /> 
 <main1 align="0x0202" type="dir"  count="8" delay="55" src="img\load\3\a%u.png"/>
 <main1 align="0x0202" type="file"  src="img\load\3832977.gif" /> 
 <main align="0x0202" type="dir"  count="8" delay="55" src="img\load\3\a%u.png" >
   <text t="$BUFFERINGPEERS" color1="0xFFFF0000" glowcolor="0x70000000" glow="1" Align="0x0202" left="0" top="0" right="0" bottom="0">
	<font1 name="Arial" size="-12" weight="600" />
   </text>	
   <!--<text t="$BUFFERING  $PEERS" color1="0xFFFF0000" glowcolor="0x70000000" glow="1" Align="0x0102" left="0" top="0" right="0" bottom="0">-->
 </main>
 <main1 align="0x0202" type="file"  src="img\load\3832977.gif" /> 
 <pip align="0x0202" type="dir" count="18" delay="35" src="img\load\circle\cuu%u.png" />
 <multipip align="0x0202" type="dir" count="18" delay="35" src="img\load\circle\cuu%u.png" />
</loadanimation> 

<ControlPanel>
 
 <nodemain>
  <image src="img\main3.png" />
  <imageXP src="img\main.png" />
  <resizeinfo noresize="0" skip="51" size="2" mincx="530"  />
  <addfont id="BUTTON_FONT" name="Arial" size="-10" weight="400" />
  <addfont id="UPPER_FONT" name="Arial" size="-13" weight="600" />
  <addfont id="TIME_FONT" name="Arial" size="-12" weight="600" />
 </nodemain>

 <node class="STATIC" id="UPPER_TEXT_ID" style="1" typeAlign="1" cx="-100" cy="17" x="30" y="2" xb="92" yb="0">
   <color textcolor="0xFA1E1E1E" glowcolor="0xB4E6E6E6" glow="6"/>
   <setfont id="UPPER_FONT" />
   <textalign x="0" y="1"/>
 </node>

 <node class="STATIC" id="SPEED_TEXT_ID" typeAlign="2" cx="35" cy="10" x="36" y="88" xb="0" yb="0">
   <color textcolor="0xFE3C3C3C" glowcolor="0" />
   <setfont id="UPPER_FONT" />
 </node>
 
 <node class="STATIC" id="DRM_TEXT_ID" typeAlign="3" cx="35" cy="10" x="10" y="88" xb="0" yb="0">
   <color textcolor="0xFEFF1010" glowcolor="0" />
   <setfont id="UPPER_FONT" />
   <text t="drm"/>
 </node>
 
 <node class="STATIC" id="TIME_TEXT_ID" typeAlign="3" cx="115" cy="14" x="10" y="45" xb="0" yb="0">
   <color textcolor="0xFE3C3C3C" glowcolor="0" />
   <setfont id="TIME_FONT" />
   <textalign x="2" y="1"/>
   <background type="1" color="0x301010C0" />
 </node>

 <node class="BUTTON" id="PLAY_BUTTON_ID" typeAlign="2" cx="35" cy="36" x="0" y="56">
   <imagergn src="img\PlayButtonRgn.png" />
   <image src="img\PlayButton.png" tooltip="skin_str_play"/>
   <image1 src="img\PauseButton.png" tooltip="skin_str_pause" /> 
 </node>

 <node class="BUTTON" id="FF_BUTTON_ID" typeAlign="2" cx="28" cy="17" x="31" y="65">
   <imagergn src="img\FFButtonRgn.png" />
   <image src="img\FFButton.png" tooltip="skin_str_faster"/>
 </node>

 <node class="BUTTON" id="FFJUMP_BUTTON_ID" auto="1" typeAlign="2" cx="24" cy="17" x="57" y="65">
   <imagergn src="img\FFJumpButtonRgn.png" />
   <image src="img\FFJumpButton.png" tooltip="skin_str_ff"/>
 </node>

 <node class="BUTTON" id="NEXT_BUTTON_ID" typeAlign="2" cx="24" cy="17" x="81" y="65">
   <imagergn src="img\NextButtonRgn.png" />
   <image src="img\NextButton.png" tooltip="skin_str_next"/>
 </node>

 <node class="BUTTON" id="REW_BUTTON_ID"  typeAlign="2" cx="28" cy="17" x="-30" y="65">
   <imagergn src="img\RewButtonRgn.png" />
   <image src="img\RewButton.png" tooltip="skin_str_slow"/>
 </node>

 <node class="BUTTON" id="REWJUMP_BUTTON_ID" auto="1" typeAlign="2" cx="24" cy="17" x="-56" y="65">
   <imagergn src="img\RewJumpButtonRgn.png" />
   <image src="img\RewJumpButton.png" tooltip="skin_str_rew"/>
 </node>

 <node class="BUTTON" id="PREV_BUTTON_ID" typeAlign="2" cx="24" cy="17" x="-80" y="65">
   <imagergn src="img\PrevButtonRgn.png" />
   <image src="img\PrevButton.png" tooltip="skin_str_prev"/>
 </node>

 <node class="BUTTON" id="STOP_BUTTON_ID" typeAlign="2" cx="27" cy="17" x="-106" y="65">
   <imagergn src="img\StopButtonRgn.png" />
   <image src="img\StopButton.png" tooltip="skin_str_stop"/>
 </node>

 <node class="BUTTON" type="4" id="REC_BUTTON_ID" typeAlign="2" cx="27" cy="17" x="106" y="65">
   <imagergn src="img\RecButtonRgn.png" />
   <image src="img\RecButton.png" tooltip="skin_str_record"/>
   <image1 src="img\RecButtonActive.png" tooltip="skin_str_record"/>
 </node>
 
 <node class="BUTTON" id="PLAY_MODE_BUTTON_ID" typeAlign="2" cx="27" cy="17" x="138" y="65">
   <imagergn src="img\PlayModeButtonRgn.png" />
   <image src="img\PlayModeNextButton.png" tooltip="skin_str_play_mode_next"/>
   <image1 src="img\PlayModeRepeatButton.png" tooltip="skin_str_play_mode_repeat"/>
   <image2 src="img\PlayModeRepeat1Button.png" tooltip="skin_str_play_mode_repeat1"/>
   <image3 src="img\PlayModeOnceButton.png" tooltip="skin_str_play_mode_once"/>
 </node>
 
 <node class="BUTTON" id="PLAY_MODE_STOP_ON_ERROR_BUTTON_ID" typeAlign="2" cx="18" cy="13" x="163" y="67">
   <imagergn src="img\PlayModeButtonRgn.png" />
   <image src="img\PlayModeStopOnError0Button.png" tooltip="skin_str_play_mode_stop_on_error_yes"/>
   <image1 src="img\PlayModeStopOnError1Button.png" tooltip="skin_str_play_mode_stop_on_error_no"/>   
 </node>
 

 <node class="BUTTON" id="PLAYLST_BUTTON_ID" typeAlign="1" cx="29" cy="17" x="8" y="65">
   <imagergn src="img\PlayListButtonRgn.png" />
   <image src="img\PlayListButton.png" tooltip="skin_str_open_pls"/>
   <image1 src="img\PlayListButtonActive.png" tooltip="skin_str_close_pls"/>
 </node>

 <node class="BUTTON" id="PIP_BUTTON_ID" typeAlign="1" cx="23" cy="17" x="37" y="65">
   <imagergn src="img\PiPButtonRgn.png" />
   <image src="img\PiPButton.png" tooltip="skin_str_show_pip"/>
   <image1 src="img\PiPButtonActive.png" tooltip="skin_str_hide_pip"/>
 </node>

 <node class="BUTTON" id="MULTIPIP_BUTTON_ID" typeAlign="1" cx="23" cy="17" x="60" y="65">
   <imagergn src="img\MultiPiPButtonRgn.png" />
   <image src="img\MultiPiPButton.png" tooltip="skin_str_show_mpip"/>
   <image1 src="img\MultiPiPButtonActive.png" tooltip="skin_str_hide_mpip"/>
 </node>

 <node class="BUTTON" id="EQU_BUTTON_ID" typeAlign="1" cx="28" cy="17" x="83" y="65">
   <imagergn src="img\EquButtonRgn.png" />
   <image src="img\EquButton.png" tooltip="skin_str_show_eq"/>
   <image1 src="img\EquButtonActive.png" tooltip="skin_str_hide_eq"/>
 </node>

 <node class="BUTTON" id="SETUP_BUTTON_ID" typeAlign="1" cx="14" cy="15" x="7" y="4">
   <imagergn src="img\SetupButtonRgn.png" />
   <image src="img\SetupButton.png" tooltip="skin_str_preferences"/>
 </node>

 <node class="BUTTON" id="CLOSE_BUTTON_ID" typeAlign="3" cx="14" cy="15" x="7" y="4">
   <imagergn src="img\CloseButtonRgn.png" />
   <image src="img\CloseButton.png" tooltip="skin_str_exit"/>
 </node>

 <node class="BUTTON" id="MIN_BUTTON_ID" typeAlign="3" cx="14" cy="15" x="24" y="4">
   <imagergn src="img\MinButtonRgn.png" />
   <image src="img\MinButton.png" tooltip="skin_str_minimize"/>
 </node>

 <node class="BUTTON" id="TRAY_BUTTON_ID" typeAlign="3" cx="14" cy="15" x="40" y="4">
   <imagergn src="img\TrayButtonRgn.png" />
   <image src="img\TrayButton.png" tooltip="skin_str_to_tray"/>
 </node>

 <node class="BUTTON" id="FULLSCR_BUTTON_ID" typeAlign="3" cx="14" cy="15" x="60" y="4">
   <imagergn src="img\FullScrButtonRgn.png" />
   <image src="img\FullScrButton.png" tooltip="skin_str_fullscr"/>
   <image1 src="img\FullScrButtonActive.png" tooltip="skin_str_fulscr_exit"/>
 </node>

 <node class="BUTTON" id="OVERALL_BUTTON_ID" typeAlign="3" cx="14" cy="15" x="76" y="4">
   <imagergn src="img\OverAllButtonRgn.png" />
   <image src="img\OverAllButton.png" tooltip="skin_str_on_top"/>
   <image1 src="img\OverAllButtonActive.png" tooltip="skin_str_dis_ontop"/>
 </node>

 <node class="BUTTON" type="4" id="CUT_BUTTON_ID" typeAlign="1" cx="65" cy="13" x="10" y="45">
   <imagergn src="img\CutButtonRgn.png" />
   <image src="img\CutButton.png" tooltip="skin_str_crop"/>
   <setfont id="BUTTON_FONT" />
   <text x="16"/>
   <dropinfo cx="50"/>
   <color textcolor="0xFE000000" glowcolor="0x60808080" glow="0"  />
 </node>

 <node class="BUTTON" type="4" id="FORMAT_BUTTON_ID" typeAlign="1" cx="65" cy="13" x="75" y="45">
   <imagergn src="img\FormatButtonRgn.png" />
   <image src="img\FormatButton.png" tooltip="skin_str_ratio"/>   
   <setfont id="BUTTON_FONT" />
   <text x="16"/>
   <dropinfo cx="50"/>
   <color textcolor="0xFE000000" />
 </node>

 <node class="BUTTON" type="4" id="DEINT_BUTTON_ID" typeAlign="1" cx="65" cy="13" x="140" y="45">
   <imagergn src="img\DeintButtonRgn.png" />
   <image src="img\DeintButton.png" tooltip="skin_str_deint"/>   
   <setfont id="BUTTON_FONT" />
   <dropinfo cx="50"/>
   <color textcolor="0xFE000000" />
   <text x="16"/>
 </node>

 <node class="BUTTON" type="4" id="TYPEAUDIO_BUTTON_ID" typeAlign="2" cx="65" cy="13" x="55" y="45">
   <imagergn src="img\TypeAudioButtonRgn.png" />
   <image src="img\TypeAudioButton.png" tooltip="skin_str_type_audio"/>   
   <setfont id="BUTTON_FONT" />
   <dropinfo cx="50"/>
   <color textcolor="0xFE000000" />
   <text x="16" angle="0"/>
 </node>

 <node class="BUTTON" id="SNAPSHOT_BUTTON_ID" typeAlign="2" cx="16" cy="14" x="-30" y="87">
   <imagergn src="img\SnapshotRgn.png" />
   <image src="img\Snapshot.png" tooltip="skin_str_snapshot"/>   
 </node>

 <node class="BUTTON" id="MUTE_BUTTON_ID" typeAlign="3" cx="19" cy="17" x="74" y="65">
   <imagergn src="img\MuteButtonRgn.png" />
   <image src="img\MuteButton.png" tooltip="skin_str_mute"/>   
   <image1 src="img\MuteOnButton.png" tooltip="skin_str_muteoff"/>   
 </node>
 
 <node class="SLIDER" id="VOLUME_SLIDER_ID" type="20" typeAlign="3" cx="68" cy="17" x="6" y="65" left="3" top="3" right="63" bottom="15" >
   <imagebackrgn src="img\VolBackSliderRgn.png" />
   <imageback src="img\VolBackSlider.png" />   
   <imagecursor src="img\VolCursorSlider.png" tooltip="skin_str_volume"/>   
   <minmax min="0" max="200" />   
 </node>
 
 <node class="SLIDER" id="POS_SLIDER_ID" type="72" typeAlign="1" cx="-100" cy="8" x="9" y="35" left="0" top="0" right="18" bottom="8" >
   <imagecursor src="img\EqSliderCursor.png"/>      
   <bottomright x="9" y="0" />
    <minmax min="0" max="1000" />   
 </node>
 
 <option>
  <seekcolor color1="0x230000E6" color2="0x190000E6" color3="0x23141414" color4="0x19141414" color5="0x19FF0000" color6="0x19FF0000"  type="2" />  
 </option>
 
</ControlPanel>

<EQ>
 
 <nodemain>
  <image src="img\eq_main.png" />
  <imageXP src="img\eq_main.png" />
  <resizeinfo noresize="1" />
  <addfont id="STATIC_FONT" name="Arial" size="10" weight="700" />
 </nodemain>

 <node class="BUTTON" id="CLOSE_EQ_BUTTON_ID" typeAlign="3" cx="14" cy="15" x="8" y="4">
   <imagergn src="img\CloseButtonRgn.png" />
   <image src="img\CloseButton.png" />      
 </node>
 
 <node class="BUTTON" id="EQU_ONOFF_BUTTON_ID" typeAlign="1" cx="32" cy="31" x="20" y="88">
   <imagergn src="img\EquOnOffButtonRgn.png" />
   <image src="img\EquOnOffButton.png" />      
   <image1 src="img\EquOnOffButtonActive.png" />      
 </node>
 
 <node class="BUTTON" id="EQU_TYPE_BUTTON_ID" typeAlign="0x0101" cx="32" cy="31" x="3" y="28">
   <imagergn src="img\EquTypeButtonRgn.png" />
   <image src="img\EquType0Button.png" />      
   <image1 src="img\EquType1Button.png" />      
 </node>
  
 <node class="SLIDER" id="SLIDER_PREAMP_ID" type="9" typeAlign="1" cx="18" cy="117" x="72" y="37" left="0" top="0" right="18" bottom="8" >
   <imagecursor src="img\EqSliderCursor.png"/>      
   <minmax min="0" max="400" />   
   <holdinfo point="200" threshold="10" />      
 </node>
 
 <node class="SLIDER" id="SLIDER_W60_ID" type="9" typeAlign="1" cx="18" cy="117" x="112" y="37" left="0" top="0" right="18" bottom="8" >
   <imagecursor src="img\EqSliderCursor.png"/>      
   <minmax min="0" max="400" />   
   <holdinfo point="200" threshold="10" />      
 </node>
 
 <node class="SLIDER" id="SLIDER_W170_ID" type="9" typeAlign="1" cx="18" cy="117" x="132" y="37" left="0" top="0" right="18" bottom="8" >
   <imagecursor src="img\EqSliderCursor.png"/>      
   <minmax min="0" max="400" />   
   <holdinfo point="200" threshold="10" />      
 </node>
 
 <node class="SLIDER" id="SLIDER_W310_ID" type="9" typeAlign="1" cx="18" cy="117" x="152" y="37" left="0" top="0" right="18" bottom="8" >
   <imagecursor src="img\EqSliderCursor.png"/>      
   <minmax min="0" max="400" />   
   <holdinfo point="200" threshold="10" />      
 </node>
 
 <node class="SLIDER" id="SLIDER_W600_ID" type="9" typeAlign="1" cx="18" cy="117" x="172" y="37" left="0" top="0" right="18" bottom="8" >
   <imagecursor src="img\EqSliderCursor.png"/>      
   <minmax min="0" max="400" />   
   <holdinfo point="200" threshold="10" />      
 </node>
 
 <node class="SLIDER" id="SLIDER_W1K_ID" type="9" typeAlign="1" cx="18" cy="117" x="192" y="37" left="0" top="0" right="18" bottom="8" >
   <imagecursor src="img\EqSliderCursor.png"/>      
   <minmax min="0" max="400" />   
   <holdinfo point="200" threshold="10" />      
 </node>
 
 <node class="SLIDER" id="SLIDER_W3K_ID" type="9" typeAlign="1" cx="18" cy="117" x="212" y="37" left="0" top="0" right="18" bottom="8" >
   <imagecursor src="img\EqSliderCursor.png"/>      
   <minmax min="0" max="400" />   
   <holdinfo point="200" threshold="10" />      
 </node>
 
  <node class="SLIDER" id="SLIDER_W6K_ID" type="9" typeAlign="1" cx="18" cy="117" x="232" y="37" left="0" top="0" right="18" bottom="8" >
   <imagecursor src="img\EqSliderCursor.png"/>      
   <minmax min="0" max="400" />   
   <holdinfo point="200" threshold="10" />      
  </node>
 
  <node class="SLIDER" id="SLIDER_W12K_ID" type="9" typeAlign="1" cx="18" cy="117" x="252" y="37" left="0" top="0" right="18" bottom="8" >
   <imagecursor src="img\EqSliderCursor.png"/>      
   <minmax min="0" max="400" />   
   <holdinfo point="200" threshold="10" />      
  </node>
 
  <node class="SLIDER" id="SLIDER_W14K_ID" type="9" typeAlign="1" cx="18" cy="117" x="272" y="37" left="0" top="0" right="18" bottom="8" >
   <imagecursor src="img\EqSliderCursor.png"/>      
   <minmax min="0" max="400" />   
   <holdinfo point="200" threshold="10" />      
  </node>
 
  <node class="SLIDER" id="SLIDER_W16K_ID" type="9" typeAlign="1" cx="18" cy="117" x="292" y="37" left="0" top="0" right="18" bottom="8" >
   <imagecursor src="img\EqSliderCursor.png"/>      
   <minmax min="0" max="400" />   
   <holdinfo point="200" threshold="10" />      
  </node>
  
  <node class="STATIC" id="PREAMP_TEXT_ID" typeAlign="1" cx="18" cy="17" x="72" y="154" xb="0" yb="0">
   <color textcolor="0xFE000000"/>
   <textalign x="0" y="1"/>
   <setfont id="STATIC_FONT" />
 </node>
 
 <node class="STATIC" id="W60_TEXT" typeAlign="1" cx="18" cy="17" x="112" y="154" xb="0" yb="0">
   <color textcolor="0xFE000000" />
   <textalign x="0" y="1"/>
   <setfont id="STATIC_FONT" />
 </node>
 
  <node class="STATIC" id="W170_TEXT" typeAlign="1" cx="18" cy="17" x="132" y="154" xb="0" yb="0">
   <color textcolor="0xFE000000"/>
   <textalign x="0" y="1"/>
   <setfont id="STATIC_FONT" />
 </node>

 <node class="STATIC" id="W310_TEXT" typeAlign="1" cx="18" cy="17" x="152" y="154" xb="0" yb="0">
   <color textcolor="0xFE000000" />
   <textalign x="0" y="1"/>
   <setfont id="STATIC_FONT" />
 </node>
 
 <node class="STATIC" id="W600_TEXT" typeAlign="1" cx="18" cy="17" x="172" y="154" xb="0" yb="0">
   <color textcolor="0xFE000000" />
   <textalign x="0" y="1"/>
   <setfont id="STATIC_FONT" />
 </node>
 
 <node class="STATIC" id="W1K_TEXT" typeAlign="1" cx="18" cy="17" x="192" y="154" xb="0" yb="0">
   <color textcolor="0xFE000000" />
   <textalign x="0" y="1"/>
   <setfont id="STATIC_FONT" />
 </node>
 
 <node class="STATIC" id="W3K_TEXT" typeAlign="1" cx="18" cy="17" x="212" y="154" xb="0" yb="0">
   <color textcolor="0xFE000000" />
   <textalign x="0" y="1"/>
   <setfont id="STATIC_FONT" />
 </node>
 
 <node class="STATIC" id="W6K_TEXT" typeAlign="1" cx="18" cy="17" x="232" y="154" xb="0" yb="0">
   <color textcolor="0xFE000000" />
   <textalign x="0" y="1"/>
   <setfont id="STATIC_FONT" />
 </node>
 
 <node class="STATIC" id="W12K_TEXT" typeAlign="1" cx="18" cy="17" x="252" y="154" xb="0" yb="0">
   <color textcolor="0xFE000000"/>
   <textalign x="0" y="1"/>
   <setfont id="STATIC_FONT" />
 </node>
 
 <node class="STATIC" id="W14K_TEXT" typeAlign="1" cx="18" cy="17" x="272" y="154" xb="0" yb="0">
   <color textcolor="0xFE000000" />
   <textalign x="0" y="1"/>
   <setfont id="STATIC_FONT" />
 </node>
 
 <node class="STATIC" id="W16K_TEXT" typeAlign="1" cx="18" cy="17" x="292" y="154" xb="0" yb="0">
   <color textcolor="0xFE000000" />
   <textalign x="0" y="1"/>
   <setfont id="STATIC_FONT" />
 </node>
 
 
</EQ>

<OSD>

 <OSDControlPanel>
  <nodemain>
   <image src="img\OsdControlPanel1.png" />
   <imageXP src="img\OsdControlPanel2.png" />
   <resizeinfo noresize="0" skip="51" size="2"  />
   <addfont id="UPPER_FONT" name="Arial" size="16" weight="700" italic="1" />
  </nodemain>

  <node class="STATIC" id="UPPER_TEXT_ID" style="1" typeAlign="1" cx="-50" cy="17" x="2" y="33" xb="125" yb="0">
   <color textcolor="0xFA1E1E1E" glowcolor="0xB4E6E6E6" glow="6"/>
   <setfont id="UPPER_FONT" />
   <textalign x="0" y="1"/>
 </node>
 
 <node class="STATIC" id="SPEED_TEXT_ID" typeAlign="2" cx="35" cy="10" x="36" y="57" xb="0" yb="0">
   <color textcolor="0xFE3C3C3C" />
   <setfont id="UPPER_FONT" />
 </node>
 
 <node class="STATIC" id="DRM_TEXT_ID" typeAlign="3" cx="35" cy="10" x="15" y="57" xb="0" yb="0">
   <color textcolor="0xDEFF1010" glowcolor="0" />
   <setfont id="UPPER_FONT" />
   <text t="drm"/>
 </node>
  
  <node class="BUTTON" id="PLAY_BUTTON_ID" typeAlign="2" cx="35" cy="36" x="0" y="25">
   <imagergn src="img\PlayButtonRgn.png" />
   <image src="img\PlayButton.png" tooltip="skin_str_play"/>
   <image1 src="img\PauseButton.png" tooltip="skin_str_pause" /> 
 </node>
 
 <node class="BUTTON" id="FF_BUTTON_ID" typeAlign="2" cx="28" cy="17" x="31" y="34">
   <imagergn src="img\FFButtonRgn.png" />
   <image src="img\FFButton.png" tooltip="skin_str_faster"/>
 </node>
 
 <node class="BUTTON" id="FFJUMP_BUTTON_ID" auto="1" typeAlign="2" cx="24" cy="17" x="57" y="34">
   <imagergn src="img\FFJumpButtonRgn.png" />
   <image src="img\FFJumpButton.png" tooltip="skin_str_ff"/>
 </node>
 
 <node class="BUTTON" id="NEXT_BUTTON_ID" typeAlign="2" cx="24" cy="17" x="81" y="34">
   <imagergn src="img\NextButtonRgn.png" />
   <image src="img\NextButton.png" tooltip="skin_str_next"/>
 </node>
 
 <node class="BUTTON" id="REW_BUTTON_ID" typeAlign="2" cx="28" cy="17" x="-30" y="34">
   <imagergn src="img\RewButtonRgn.png" />
   <image src="img\RewButton.png" tooltip="skin_str_slow"/>
 </node>
 
 <node class="BUTTON" id="REWJUMP_BUTTON_ID" auto="1" typeAlign="2" cx="24" cy="17" x="-56" y="34">
   <imagergn src="img\RewJumpButtonRgn.png" />
   <image src="img\RewJumpButton.png" tooltip="skin_str_rew"/>
 </node>
 
 <node class="BUTTON" id="PREV_BUTTON_ID" typeAlign="2" cx="24" cy="17" x="-80" y="34">
   <imagergn src="img\PrevButtonRgn.png" />
   <image src="img\PrevButton.png" tooltip="skin_str_prev"/>
 </node>
 
 <node class="BUTTON" id="STOP_BUTTON_ID" typeAlign="2" cx="27" cy="17" x="-106" y="34">
   <imagergn src="img\StopButtonRgn.png" />
   <image src="img\StopButton.png" tooltip="skin_str_stop"/>
 </node>
 
 <node class="BUTTON" type="4" id="REC_BUTTON_ID" typeAlign="2" cx="27" cy="17" x="106" y="34">
   <imagergn src="img\RecButtonRgn.png" />
   <image src="img\RecButton.png" tooltip="skin_str_record"/>
   <image1 src="img\RecButtonActive.png" tooltip="skin_str_record"/>
 </node>
  
 <node class="BUTTON" id="FULLSCR_BUTTON_ID" typeAlign="3" cx="14" cy="15" x="4" y="55">
   <imagergn src="img\FullScrButtonRgn.png" />
   <image src="img\FullScrButton.png" tooltip="skin_str_fullscr"/>
   <image1 src="img\FullScrButtonActive.png" tooltip="skin_str_fulscr_exit"/>
 </node>
  
  <node class="BUTTON" id="SNAPSHOT_BUTTON_ID" typeAlign="2" cx="16" cy="14" x="-30" y="56">
   <imagergn src="img\SnapshotRgn.png" />
   <image src="img\Snapshot.png" tooltip="skin_str_snapshot"/>   
 </node>
 
 <node class="BUTTON" id="MUTE_BUTTON_ID" typeAlign="3" cx="19" cy="17" x="74" y="34">
   <imagergn src="img\MuteButtonRgn.png" />
   <image src="img\MuteButton.png" tooltip="skin_str_mute"/>   
   <image1 src="img\MuteOnButton.png" tooltip="skin_str_muteoff"/>   
 </node>
 
  <node class="SLIDER" id="VOLUME_SLIDER_ID" type="20" typeAlign="3" cx="68" cy="17" x="6" y="34" left="3" top="3" right="63" bottom="15" >
   <imagebackrgn src="img\VolBackSliderRgn.png" />
   <imageback src="img\VolBackSlider.png" />   
   <imagecursor src="img\VolCursorSlider.png" tooltip="skin_str_volume"/>   
   <minmax min="0" max="200" />   
 </node>
 
  <node class="SLIDER" id="POS_SLIDER_ID" type="104" typeAlign="1" cx="-100" cy="8" x="9" y="8" left="0" top="0" right="18" bottom="8" >
   <imagecursor src="img\EqSliderCursor.png"/>   
   <bottomright x="9" y="0" />
    <minmax min="0" max="1000" />   
 </node>
  
  <option>
   <seekcolor color1="0x455454CF" color2="0x311414FF" color3="0x45343434" color4="0x31141414" color5="0x19FF0000" color6="0x19FF0000" type="2" />
  </option>
 </OSDControlPanel>
 
 <tree>
  <profile0>
   <cursor type="1" allline="1" colorsel="0xC880A0FF"  colordrop="0x3C00FF00"  colorhot="0x4680A0FF"  />
   <substratecursor select="img\tree\substrate\cursorselOSD.png" drop="img\tree\substrate\cursordropOSD.png" hot="img\tree\substrate\cursorhotOSD.png" playing="img\tree\substrate\cursorhotOSD.png" />
   <qprog  color1="0xB464FF64" color2="0x28146414"/>   
   <box size="0" selfdraw="1" line="0" expand="img\tree\boxexpand.png" notexpand="img\tree\boxnotexpand.png" />
   <option ShowItemCount="1" headerstring="skin_str_header_tree_osd_0" />
   <favinfo posx="2" posy="0" x="20" y="0" cx="14" cy="14"/>
   <textindent str1="20" str2="0" str3="0"/>
   <indent parent="15" left="-35"/>
   <background  color1="0xFE606060" color2="0xFEC5C5D0"/>
   <substrategroup typeAlign="0x0102" cx="-100" cy="-98"  x="0" y="0" group="img\tree\substrate\groupback.png" groupexpand="img\tree\substrate\groupexpandback.png" upperlayer="\img\tree\substrate\upperlayer.png" />
   <banner show="1" layer="1" typeAlign="0x0203" cx="500" cy="100"  x="3" y="0" subheight="6"  limitleft="80" limittop="0" alphadynamic="\img\tree\substrate\alfabanner1.png"  />   
   <group drawimage="0" textindent="0"/>
  </profile0>
  <profile1>
   <cursor type="1" allline="1" colorsel="0xC880A0FF"  colordrop="0x3C00FF00"  colorhot="0x4680A0FF"  />
   <substratecursor select="img\tree\substrate\cursorselOSD.png" drop="img\tree\substrate\cursordropOSD.png" hot="img\tree\substrate\cursorhotOSD.png" playing="img\tree\substrate\cursorhotOSD.png" />
   <qprog  color1="0xB464FF64" color2="0x28146414"/>   
   <background  color1="0xFE606060" color2="0xFEC5C5D0"/>
   <box size="0" selfdraw="1" line="0" expand="img\tree\boxexpand.png" notexpand="img\tree\boxnotexpand.png" />
   <indent parent="30" left="-35"/>
   <option ShowItemCount="1" headerstring="skin_str_header_tree_osd_1" />
   <group drawimage="0" textindent="5"/>
   <favinfo posx="2" posy="0" x="20" y="10" cx="14" cy="14"/>
   <textindent str1="20" str2="0" str3="0"/>
   <substrategroup typeAlign="0x0102" cx="-100" cy="-98"  x="0" y="0" group="img\tree\substrate\groupback.png" groupexpand="img\tree\substrate\groupexpandback.png" upperlayer="\img\tree\substrate\upperlayer.png" />
   <banner show="1" layer="1" typeAlign="0x0203" cx="500" cy="100"  x="3" y="0" subheight="6"  limitleft="150" limittop="0" alpha1="\img\tree\substrate\alfabanner1.png" alphadynamic="\img\tree\substrate\alfabanner1.png" />   
   <group drawimage="0" textindent="0"/>
  </profile1>
 </tree>
 
 <programme>
 <image empty="img\programme\empty.png" info="img\programme\info.png" alert="img\programme\alert.png" record="img\programme\record.png" timer="img\programme\timer.png" /> 
 </programme>
 
 <records>
 <image empty="img\programme\empty.png" refresh="img\programme\refresh.png" alert="img\programme\alert.png" record="img\programme\record.png" timer="img\programme\timer.png" recpause="img\programme\pause.png" sleep="img\programme\logoff.png" /> 
 </records>
 
 <select>
 <image empty="img\select\empty.png" check="img\select\check.png" /> 
 <option removeafterselect="0" />
 </select>
 
 <bookmarks>
 <image empty="img\bookmarks\bookmark1.png" /> 
 </bookmarks>
 
 <extfilter>
<profile0>
	<image  cx="70" cy="70" ecx="48" ecy="48" empty="img\osd\empty.png" down="img\osd\bg.png" downselect="img\osd\bg1.png" />
</profile0>
<profile1>
	<image  cx="100" cy="100" ecx="72" ecy="72" empty="img\osd\empty.png" down="img\osd\bg.png" downselect="img\osd\bg1.png" />
</profile1>
 </extfilter>
 
&sliders;
&slidersXP; 
 
 <images>
  <node id="MUTE_IMAGE_OSD_ID" Align="0x0101" cx="48" cy="48" left="15" top="10" right="0" bottom="0" >
  <image  src="img\osd\osdmuteimage.png"/>
  <imagexp src="img\osd\osdmuteimageXP.png" rgn="img\osd\osdmuteimageRgnXP.png"/>
  </node>
  <node id="PLAY_IMG_ID" Align="0x0101" cx="128" cy="128" left="0" top="0" right="0" bottom="0" >
  <image  src="img\Play-1-Normal-icon.png"/>
  <imagexp src="img\Play-1-Normal-iconXP.png" rgn="img\Play-1-Normal-iconRgnXP.png"/>
  </node>
  <node id="PAUSE_IMG_ID" Align="0x0101" cx="128" cy="128" left="0" top="0" right="0" bottom="0" >
  <image  src="img\Pause-Normal-icon.png"/>
  <imagexp src="img\Pause-Normal-iconXP.png" rgn="img\Pause-Normal-iconRgnXP.png"/>
  </node>  
  <node id="STOP_IMG_ID" Align="0x0101" cx="64" cy="64" left="32" top="32" right="0" bottom="0" >
  <image  src="img\stop-red-icon.png"/>
  <imagexp src="img\stop-red-iconXP.png" rgn="img\stop-red-iconRgnXP.png"/>
  </node>    
  <!-- -->
  <node id="TELETEXT_IMG_ID" Align="0x0102" cx="178" cy="37" left="0" top="2" right="0" bottom="0" >
  <image  src="img\teletext.png"/>
  <imagexp src="img\teletextXP.png" rgn="img\teletextRgnXP.png"/>
  </node>    
  
 </images>
 
 <infopanel>
  <channelimg position="1"  />
  <slidercolor_remove_this_for_work shortfrom="0xFEFF0000" shortto="0xFE00FF00" shortborder="0xFE0000FF" from="0xFEFF0000" to="0xFE00FF00" border="0xFE0000FF"  />
 </infopanel>
 
 <animation>
 <record align="0x103" left="0" top="0" type="dir" count="3" delay="500" src="img\osd\record\record%u.png" rgn="img\osd\record\recordrgn.png" />
 </animation>
</OSD>

<PlayList>

 <tree>
  <image upperlayer1="\img\tree\frame2.png" down="img\tree\bg1.png" selectdown="img\tree\bg2.png" select1="img\tree\play.png" empty="img\tree\emptyLogo.png" favon="img\tree\star-on.png" favoff="img\tree\star-off.png" expand="img\tree\expand.png" notexpand="img\tree\notexpand.png" error="img\tree\error.png" check="img\tree\check.png" timer="img\tree\timer.png" protect="img\tree\protect.png" />  
  <imageext info="img\tree\info.png" />
  <favinfo posx="2" posy="0" x="18" y="0" cx="14" cy="14"/>
  <textindent str1="20" str2="0" str3="0"/>
  <cursor type="4" allline="1" colorsel="0xC880A0FF"  colordrop="0x3C00FF00"  colorhot="0x4680A0FF"  />
  <substratecursor select="img\tree\substrate\cursorsel.png" drop="img\tree\substrate\cursordrop.png" hot="img\tree\substrate\cursorhot.png"   />
  <background type="0" fill="1" color1="0xFEFFFFFF" color2="0xFED5D5E0"/>
  <qprog  color1="0xDC64FF64" color2="0xAA146414"/>
  <box size="11" selfdraw="1" line="1" expand="img\tree\boxexpand.png" notexpand="img\tree\boxnotexpand.png" />
  <group drawimage="1" textindent="0"/>
  <indent parent="15" left="-35"/>
  <option ShowItemCount="1" headerstring="skin_str_header_tree_0" />
  <substrategroup typeAlign="0x0102" cx="-100" cy="-98"  x="0" y="1"  />
  <banner show="1" layer="1" typeAlign="0x0203" cx="500" cy="100"  x="1" y="0" subheight="6"  limitleft="120" limittop="0"  alphadynamic="\img\tree\substrate\alfabanner1.png"  />
 </tree>

 <downpanel cy="24" background="img\tree\downpanelback1.png">
 <addfont id="BUTTON_FONT" name="Arial" size="-13" weight="500" />
 <button0 text="skin_str_down_p_channels" img="img\tree\Network-icon.png"/> 
 <button1 text="skin_str_down_p_files" img="img\tree\network-local-icon.png"/> 
 <button2 text="skin_str_down_p_records" img="img\tree\records-icon.png"/> 
 <button3 text="skin_str_down_p_videolib" img="img\tree\Network-icon.png"/> 
 <button4 text="Файлы3" img="img\tree\network-local-icon.png"/> 
  <closebutton>
  <node class="BUTTON" id="PANEL_OPEN_BUTTON_ID" typeAlign="1" cx="11" cy="7" x="0" y="0">
   <imagergn src="img\tree\paneldownopenRgn.png" />
   <image src="img\tree\paneldownopen.png"/>
  </node>
  <node class="BUTTON" id="PANEL_CLOSE_BUTTON_ID" typeAlign="1" cx="11" cy="7" x="0" y="0">
   <imagergn src="img\tree\paneldowncloseRgn.png" />
   <image src="img\tree\paneldownclose.png"/>
  </node>
 </closebutton>
 <panel direction="0" type="1" typeAlign="1" cx="-100" cy="-100" x="0" y="0"  >
   <buttoninfo cx="94" cy="21" img_cx="110" img_cy="26" x="2" y="1" />
   <setfont id="BUTTON_FONT" />
   <text x="25" y="-2" angle="0" textcolor="0xFE101010" glowcolor="0x50F0F0F0" glow="3" />
   <imageext  cx="19" cy="19" typeAlign="0x0201" x="3" y="0"/>
   <imagergn src="img\tree\PlstChannelButtonRgn.png" />
   <image src="img\tree\downpanelbutton.png"/>
   <image1 src="img\tree\downpanelbuttonpress.png"/> 
   <updown cx="16" cy="16" imageup="img\tree\panelleft.png" imagedown="img\tree\panelright.png" imageuprgn="img\tree\panelleftrgn.png" imagedownrgn="img\tree\panelrightrgn.png" /> 
 </panel>
 </downpanel>
 
 <leftpanel cx="61" background="img\tree\leftpanelback.png" >
 <addfont id="BUTTON_FONT" name="Tahoma" size="-11" weight="600" />
 <button0 text="common_str_all" img="img\tree\selectall.png"/> 
 <closebutton>
  <node class="BUTTON" id="PANEL_OPEN_BUTTON_ID"  typeAlign="1" cx="7" cy="11" x="0" y="0">
   <imagergn src="img\tree\panelopenRgn.png" />
   <image src="img\tree\panelopen.png"/>
  </node>
  <node class="BUTTON" id="PANEL_CLOSE_BUTTON_ID" typeAlign="1" cx="7" cy="11" x="0" y="0">
   <imagergn src="img\tree\panelcloseRgn.png" />
   <image src="img\tree\panelclose.png"/>
  </node>
 </closebutton>
 <panel direction="1" type="1" typeAlign="0x0101" cx="-100" cy="-100" x="0" y="0" >
   <buttoninfo cx="54" cy="70" img_cx="72" img_cy="92" x="2" y="0"/>
   <setfont id="BUTTON_FONT" />
   <text  x="-1" y="55" angle="0" xshift="1" textcolor="0xFEF8F8F8" glowcolor="0xA0101010" glow="2"/>
   <imageext  cx="36" cy="36" typeAlign="0x0102" x="0" y="10"/>
   <imagergn src="img\tree\TreeLeftSideRgn2.png" />
   <image src="img\tree\TreeLeftSide2.png"/>
   <image1 src="img\tree\TreeLeftSidePress2.png"/> 
   <updown cx="20" cy="16" imageup="img\tree\panelup.png" imagedown="img\tree\paneldown.png" imageuprgn="img\tree\paneluprgn.png" imagedownrgn="img\tree\paneldownrgn.png" />
 </panel>
  
 </leftpanel>
 
 <toolbar background="img\tree\toolbar\toolbarback.png" minsizex="450" left="TREE_START_SCAN_ID" right="DELETE_FILTER_ID" right1="DELETE_FILTER_ID" right2="AUTO_FILTER_ID">
    
   <node class="BUTTON" type="1" id="LOAD_PLAYLIST_ID" typeAlign="0x101" cx="23" cy="20" x="2" y="2">
     <imagergn src="img\tree\toolbar\toolbarrgn1.png" />
	 <image src="img\tree\toolbar\loadplst.png" tooltip="toolbar_pls_loadpls"/>
	 <image1 src="img\tree\toolbar\loadplstdis.png" tooltip=""/>
   </node>
   <node class="BUTTON" type="1" id="REFRESH_PLAYLIST_ID" typeAlign="0x101" cx="23" cy="20" x="26" y="2">
     <imagergn src="img\tree\toolbar\toolbarrgn1.png" />
	 <image src="img\tree\toolbar\refreshplst.png" tooltip="toolbar_pls_refresh_pls"/>
	 <image1 src="img\tree\toolbar\refreshplstdis.png" tooltip=""/>
   </node>		
   <node class="BUTTON" id="SEPARATOR_ID" typeAlign="0x101" cx="2" cy="20" x="50" y="3">
     <imagergn src="img\tree\toolbar\toolbarrgn2.png" />
	 <image src="img\tree\toolbar\toolbarseparator.png" />
   </node>		   
   <node class="BUTTON" type="3" id="FAVORIT_ID" typeAlign="0x101" cx="23" cy="20" x="54" y="2">
     <imagergn src="img\tree\toolbar\toolbarrgn1.png" />
	 <image src="img\tree\toolbar\toolbarfav.png"   tooltip="toolbar_pls_fav"/>
	 <image1 src="img\tree\toolbar\toolbarfav1.png" tooltip="toolbar_pls_fav"/>
	 <image2 src="img\tree\toolbar\toolbarfav2.png" />
   </node>		
   <node class="BUTTON" type="3" id="SHOWGROUP_ID" typeAlign="0x101" cx="23" cy="20" x="78" y="2">
     <imagergn src="img\tree\toolbar\toolbarrgn1.png" />
	 <image src="img\tree\toolbar\toolbargroup.png" tooltip="toolbar_pls_on_group"/>
	 <image1 src="img\tree\toolbar\toolbargroup1.png" tooltip="toolbar_pls_off_group"/>
   </node>
   <node class="BUTTON" id="SEPARATOR_ID" typeAlign="0x101" cx="2" cy="20" x="102" y="3">
     <imagergn src="img\tree\toolbar\toolbarrgn2.png" />
	 <image src="img\tree\toolbar\toolbarseparator.png" />
   </node>		      
		
   <node class="BUTTON" type="1" id="NEW_ID" typeAlign="0x101" cx="23" cy="20" x="106" y="2">
     <imagergn src="img\tree\toolbar\toolbarrgn1.png" />
	 <image src="img\tree\toolbar\toolbarnew.png" tooltip="toolbar_pls_new"/>
	 <image1 src="img\tree\toolbar\toolbarnewdis.png" tooltip=""/>
   </node>				
   <node class="BUTTON" type="1" id="NEW_GROUP_ID" typeAlign="0x101" cx="23" cy="20" x="130" y="2">
     <imagergn src="img\tree\toolbar\toolbarrgn1.png" />
	 <image src="img\tree\toolbar\toolbarnewgroup.png" tooltip="toolbar_pls_new_group"/>
	 <image1 src="img\tree\toolbar\toolbarnewgroupdis.png" tooltip=""/>
   </node>				
   <node class="BUTTON" id="SEPARATOR_ID" typeAlign="0x101" cx="2" cy="20" x="157" y="3">
     <imagergn src="img\tree\toolbar\toolbarrgn2.png" />
	 <image src="img\tree\toolbar\toolbarseparator.png" />
   </node>		         
   
   <node class="BUTTON" type="1" id="DELETE_ID" typeAlign="0x101" cx="23" cy="20" x="161" y="2">
     <imagergn src="img\tree\toolbar\toolbarrgn1.png" />
	 <image src="img\tree\toolbar\toolbardelete.png" tooltip="toolbar_pls_delete"/>
	 <image1 src="img\tree\toolbar\toolbardeletedis.png" tooltip=""/>
   </node>				
   <node class="BUTTON" type="1" id="DELETE_ALL_ID" typeAlign="0x101" cx="23" cy="20" x="185" y="2">
     <imagergn src="img\tree\toolbar\toolbarrgn1.png" />
	 <image src="img\tree\toolbar\toolbardeleteall.png" tooltip="toolbar_pls_delete_all"/>
	 <image1 src="img\tree\toolbar\toolbardeletealldis.png" tooltip=""/>
   </node>				
   <node class="BUTTON" id="SEPARATOR_ID" typeAlign="0x101" cx="2" cy="20" x="209" y="3">
     <imagergn src="img\tree\toolbar\toolbarrgn2.png" />
	 <image src="img\tree\toolbar\toolbarseparator.png" />
   </node>		         
		
  <node class="BUTTON" type="5" id="PROGRAMM_VIEW_ID" typeAlign="0x101" cx="33" cy="20" x="213" y="2">
     <imagergn src="img\tree\toolbar\toolbarrgn3.png" />
	 <image src="img\tree\toolbar\toolbarprview.png" tooltip="toolbar_pls_epg"/>
   </node>		
   
   <node class="BUTTON" type="5" id="VIEW_ID" typeAlign="0x101" cx="33" cy="20" x="249" y="2">
     <imagergn src="img\tree\toolbar\toolbarrgn3.png" />
	 <image src="img\tree\toolbar\toolbarview.png" tooltip="toolbar_pls_type_view"/>
   </node>				
   
   <node class="BUTTON" id="SEPARATOR_ID" typeAlign="0x101" cx="2" cy="20" x="282" y="3">
     <imagergn src="img\tree\toolbar\toolbarrgn2.png" />
	 <image src="img\tree\toolbar\toolbarseparator.png" />
   </node>		            
   
   <node class="BUTTON" type="5" id="TREE_START_SCAN_ID" typeAlign="0x101" cx="33" cy="20" x="285" y="2">
     <imagergn src="img\tree\toolbar\toolbarrgn1.png" />
	 <image src="img\tree\toolbar\toolbarscan.png" tooltip="toolbar_pls_check_items"/>
   </node>				

	<node class="BUTTON" type="1" id="DELETE_FILTER_ID"  typeAlign="0x403" cx="23" cy="20" x="25" y="4">
     <imagergn src="img\tree\toolbar\toolbarrgn1.png" />
     <image src="img\tree\toolbar\delfilter.png" tooltip="toolbar_pls_del_filter"/>
    </node>
	
	<node class="BUTTON" type="3" id="AUTO_FILTER_ID"  typeAlign="0x403" cx="23" cy="20" x="2" y="4">
     <imagergn src="img\tree\toolbar\toolbarrgn1.png" />
     <image src="img\tree\toolbar\autofilter1.png" tooltip="toolbar_pls_auto_filter_off"/>
	<image1 src="img\tree\toolbar\autofilter2.png" tooltip="toolbar_pls_auto_filter_on"/>
    </node>
	
  </toolbar>
  
  <scanbar  background="img\tree\scanbar\toolbarback.png" left="SHOW_ERROR_SCAN_ID">
    
	<node class="BUTTON" type="1" id="HIDE_SCAN_ID" typeAlign="0x101" cx="23" cy="20" x="2" y="2">
     <imagergn src="img\tree\scanbar\toolbarrgn1.png" />
	 <image src="img\tree\scanbar\hidebarscan.png" tooltip="toolbar_pls_scan_hide_panel"/>
   </node>	
   <node class="BUTTON" id="SEPARATOR_ID" typeAlign="0x101" cx="2" cy="20" x="25" y="3">
     <imagergn src="img\tree\scanbar\toolbarrgn2.png" />
	 <image src="img\tree\scanbar\toolbarseparator.png" />
   </node>		   
	<node class="BUTTON" type="1" id="STOP_SCAN_ID" typeAlign="0x101" cx="23" cy="20" x="28" y="2">
     <imagergn src="img\tree\scanbar\toolbarrgn1.png" />
	 <image src="img\tree\scanbar\stopscan.png" tooltip="toolbar_pls_scan_stop"/>
   </node>
   <node class="BUTTON" id="SEPARATOR_ID" typeAlign="0x101" cx="2" cy="20" x="52" y="3">
     <imagergn src="img\tree\scanbar\toolbarrgn2.png" />
	 <image src="img\tree\scanbar\toolbarseparator.png" />
   </node>		   
   <node class="BUTTON" type="1" id="OPTION_SCAN_ID" typeAlign="0x101" cx="23" cy="20" x="55" y="2">
     <imagergn src="img\tree\scanbar\toolbarrgn1.png" />
	 <image src="img\tree\scanbar\optionscan.png" tooltip="toolbar_pls_scan_setting"/>
   </node>
   <node class="BUTTON" type="3" id="SHOW_ERROR_SCAN_ID" typeAlign="0x101" cx="23" cy="20" x="78" y="2">
     <imagergn src="img\tree\scanbar\toolbarrgn1.png" />
	 <image src="img\tree\scanbar\showerror.png" tooltip="toolbar_pls_scan_show_notwork"/>
	 <image1 src="img\tree\scanbar\showerror1.png" tooltip="toolbar_pls_scan_show_notwork"/>
   </node>
   <node class="BUTTON" id="SEPARATOR_ID" typeAlign="0x101" cx="2" cy="20" x="101" y="3">
     <imagergn src="img\tree\scanbar\toolbarrgn2.png" />
	 <image src="img\tree\scanbar\toolbarseparator.png" />
   </node>		   
   
  </scanbar>
  
  <config>
   <tooltip>
    <node id="1032" text="tooltip_pls_auto_epg" />
	<node id="1053" text="tooltip_pls_del_epg" />
	<node id="1006" text="tooltip_pls_auto_logo" />
	<node id="1055" text="tooltip_pls_del_number" />
	<node id="1060" text="tooltip_pls_auto_num" />
	<node id="1005" text="tooltip_pls_logo_manual" />
	<node id="1017" text="tooltip_pls_brightness" />
	<node id="1018" text="tooltip_pls_contrast" />
	<node id="1019" text="tooltip_pls_saturation" />
	<node id="1031" text="tooltip_pls_color" />
	<node id="1028" text="tooltip_pls_gamma" />
	<node id="1026" text="tooltip_pls_scale" />
	<node id="1057" text="tooltip_pls_sharpness" />
	<node id="1259" text="tooltip_pls_voloume" />
	<node id="1061" text="tooltip_pls_del_logo" />
   </tooltip>
  </config> 
</PlayList>

<mainview>
<images>
  <node id="PLAY_IMG_ID" Align="0x0202" cx="128" cy="128" left="0" top="0" right="0" bottom="0" >
  <image  src="img\Play-1-Normal-icon.png"/>
  </node>
  <node id="PAUSE_IMG_ID" Align="0x0202" cx="128" cy="128" left="0" top="0" right="0" bottom="0" >
  <image  src="img\Pause-Normal-icon.png"/>
  </node>
  <node id="ERROR_IMG_ID" Align="0x0202" cx="128" cy="128" left="0" top="0" right="0" bottom="0" >
  <image  src="img\Sign-Error-icon.png"/>
  </node>
  <node id="PROTECT_IMG_ID" Align="0x0202" cx="128" cy="128" left="0" top="0" right="0" bottom="0" >
  <image  src="img\lock-icon.png"/>
  </node>
 </images>
 
 <serfing border="1" bordercolor="0xFFFFFFFF" space="1" backcolor="0xFF000000" minx="96" miny="96" >
  <toolbar typeAlign="0x201" cx="23" cy="20" x="3" y="0">
       
   <node class="BUTTON" type="1" id="RESCAN_ID" typeAlign="0x202" cx="40" cy="40" x="-80" y="0">
      <image src="img\scan\rescan.png" tooltip="serf_toolbar_rescan"/>
   </node>
   <node class="BUTTON" type="1" id="PREVIEW_ID" typeAlign="0x202" cx="40" cy="40" x="-40" y="0">
	 <image src="img\scan\play.png" tooltip="serf_toolbar_play"/>
   </node>		   
   <node class="BUTTON" type="1" id="EDIT_ID" typeAlign="0x202" cx="40" cy="40" x="0" y="0">
	 <image src="img\scan\edit.png" tooltip="serf_toolbar_edit"/>
   </node>		   
  </toolbar>	
 </serfing>
 
 
</mainview>

<record>
  <toolbar background="img\records\toolbarback.png" >
    
   <node class="BUTTON" type="1" id="REC_PAUSE_ID" typeAlign="0x101" cx="23" cy="20" x="2" y="2">
     <imagergn src="img\records\toolbarrgn1.png" />
	 <image src="img\records\toolbarpause.png" tooltip="record_toolbar_pause"/>
	 <image1 src="img\records\toolbarrecord.png" tooltip="record_toolbar_continue_record"/>
	 <image2 src="img\records\toolbarpausedisable.png" />
   </node>
   <node class="BUTTON" type="1" id="DELETE_ID" typeAlign="0x101" cx="23" cy="20" x="26" y="2">
     <imagergn src="img\records\toolbarrgn1.png" />
	 <image src="img\records\toolbardelete.png" tooltip="record_toolbar_delete"/>
	 <image1 src="img\records\toolbardeletedisable.png"/>	 
   </node>		
   <node class="BUTTON" id="SEPARATOR_ID" typeAlign="0x101" cx="2" cy="20" x="50" y="3">
     <imagergn src="img\records\toolbarrgn2.png" />
	 <image src="img\records\toolbarseparator.png" />
   </node>		   
   <node class="BUTTON" type="1" id="UP_ID" typeAlign="0x101" cx="23" cy="20" x="54" y="2">
     <imagergn src="img\records\toolbarrgn1.png" />
	 <image src="img\records\toolbarup.png"   tooltip="record_toolbar_up"/>	 
	 <image1 src="img\records\toolbarupdisable.png"/>	 
   </node>		
   <node class="BUTTON" type="1" id="DOWN_ID" typeAlign="0x101" cx="23" cy="20" x="78" y="2">
     <imagergn src="img\records\toolbarrgn1.png" />
	 <image src="img\records\toolbardown.png" tooltip="record_toolbar_down"/>	 
	 <image1 src="img\records\toolbardowndisable.png" />	 
   </node>   
 </toolbar>
</record>

<system>
 <combobox deleteimg="img\system\mt_delete.png" deleteimgdisable="img\system\mt_delete_d.png"/>
 <tooltip>
  <config>
   <picture>
   </picture>
   <input>
     <node id="1224" text="tooltip_config_input_use_vkey" />
     <node id="1294" text="tooltip_config_input_save_profile" />
     <node id="1295" text="tooltip_config_input_open_folder_profile" />
   </input>
   
   <winlirc>
   </winlirc>
   
   <mouse>
   </mouse>
   
   <control_other_option>
   </control_other_option>
   
   <network>
   </network>
   
   <caching>
   </caching>
   
   <upd_proxy>
   </upd_proxy>
   
   <osd>
   </osd>   
  
   <pip>
   </pip>   
   
   <mpip>
   </mpip>
   
   <osd_control_panel>
   </osd_control_panel>
   
   <wallpaper>
   </wallpaper>
   
   <playlist>
   </playlist>
   
   <skin>
   </skin>
   
   <audio>
   <node id="1326" text="tooltip_config_sound_lang" />   
   <node id="1328" text="tooltip_config_sound_lang" />   
   </audio>
   
   <output>
   </output>
   
   <directx>
   </directx>
   
   <vmodules>
   </vmodules>
   
   <vdecoders>
   </vdecoders>
   
   <ffmpeg>
   </ffmpeg>
      
   <record>
    <node id="1292" text="tooltip_config_record_edit_profile" />
	<node id="1293" text="tooltip_config_record_open_folder_profile" />
	<node id="1294" text="tooltip_config_record_refresh_profiles" />
	<node id="1196" text="tooltip_config_record_enable_pause" />
	<node id="1204" text="tooltip_config_record_margin" />
	<node id="1199" text="tooltip_config_record_enable_wake_from_sleep" />
   </record>
   
   <epg>
   </epg>
   
   <playback>
   </playback>
   
   <timeshift>
   </timeshift>
   
   <system>
   </system>
   
   <lang>
   </lang>
   
   <import>
   </import>
   
   <export>
   </export>
      
   <system>
    <node id="1234" text="tooltip_config_wathdog" />
   </system>
   
   <system_off>
    <node id="1234" text="tooltip_config_wathdog" />
   </system_off>
      
  </config>
 </tooltip> 
</system>

</SimpleTVSkin>