﻿<sliders>
 <node id="VOLUME_SL_OSD_ID" type="0" direction="0" autoscale="1" Align="0x0402" cx="526" cy="105" left="0" top="0" right="0" bottom="0" >
 <image cursor="img\osd\sliders\osd_vol_up.png" back="img\osd\sliders\osd_vol_back.png" />
 <cursor Align="0x0101" cx="426" cy="8" left="99" top="58"/>
 <text t="skin_str_slider_volume" color="0xFEE0E0E0" glowcolor="0x600A0A0A" glow="3" Align="0x0401" left="98" top="50" right="0" bottom="0" />
 <text t="$PERCENT%" color="0xFEF0F0F0" glowcolor="0x600A0A0A" glow="3" Align="0x0403" left="-5" top="50" right="0" bottom="0" />
 </node>
 
 <node id="BRIGHTNESS_SL_OSD_ID" type="0" Align="0x0402" cx="526" cy="105" left="0" top="0" right="0" bottom="0" >
 <image cursor="img\osd\sliders\osd_brt_up.png" back="img\osd\sliders\osd_brt_back.png" />
 <cursor Align="0x0101" cx="426" cy="8" left="99" top="58"/>  
 <text t="skin_str_slider_brightness" color="0xFED0D0D0" glowcolor="0x600A0A0A" glow="3" Align="0x0401" left="98" top="50" right="0" bottom="0" />
 <text t="$PERCENT%" color="0xFEE0E0E0" glowcolor="0x600A0A0A" glow="3" Align="0x0403" left="-5" top="50" right="0" bottom="0" />
 </node>
 
 <node id="CONTRAST_SL_OSD_ID" type="0" Align="0x0402" cx="526" cy="105" left="0" top="0" right="0" bottom="0" >
 <image cursor="img\osd\sliders\osd_con_up.png" back="img\osd\sliders\osd_con_back.png" />
 <cursor Align="0x0101" cx="426" cy="8" left="99" top="58"/>  
 <text t="skin_str_slider_contrast" color="0xFED0D0D0" glowcolor="0x600A0A0A" glow="3" Align="0x0401" left="98" top="50" right="0" bottom="0" />
 <text t="$PERCENT%" color="0xFEE0E0E0" glowcolor="0x600A0A0A" glow="3" Align="0x0403" left="-5" top="50" right="0" bottom="0" />
 </node>
 
 <node id="SATUR_SL_OSD_ID" type="0" Align="0x0402" cx="526" cy="105" left="0" top="0" right="0" bottom="0" >
 <image cursor="img\osd\sliders\osd_satr_up.png" back="img\osd\sliders\osd_satr_back.png" />
 <cursor Align="0x0101" cx="426" cy="8" left="99" top="58"/>  
 <text t="skin_str_slider_saturation" color="0xFED0D0D0" glowcolor="0x600A0A0A" glow="3" Align="0x0401" left="98" top="50" right="0" bottom="0" />
 <text t="$PERCENT%" color="0xFEE0E0E0" glowcolor="0x600A0A0A" glow="3" Align="0x0403" left="-5" top="50" right="0" bottom="0" />
 </node>
 
 <node id="HUE_SL_OSD_ID" type="0" Align="0x0402" cx="526" cy="105" left="0" top="0" right="0" bottom="0" >
 <image cursor="img\osd\sliders\osd_tone_up.png" back="img\osd\sliders\osd_tone_back.png" />
 <cursor Align="0x0101" cx="426" cy="8" left="99" top="58"/>  
 <text t="skin_str_slider_hue" color="0xFED0D0D0" glowcolor="0x600A0A0A" glow="3" Align="0x0401" left="98" top="50" right="0" bottom="0" />
 <text t="$PERCENT%" color="0xFEE0E0E0" glowcolor="0x600A0A0A" glow="3" Align="0x0403" left="-5" top="50" right="0" bottom="0" />
 </node>
 
 <node id="GAMMA_SL_OSD_ID" type="0" Align="0x0402" cx="526" cy="105" left="0" top="0" right="0" bottom="0" >
 <image cursor="img\osd\sliders\osd_gamma_up.png" back="img\osd\sliders\osd_gamma_back.png" />
 <cursor Align="0x0101" cx="426" cy="8" left="99" top="58"/>  
 <text t="skin_str_slider_gamma" color="0xFED0D0D0" glowcolor="0x600A0A0A" glow="3" Align="0x0401" left="98" top="50" right="0" bottom="0" />
 <text t="$PERCENT%" color="0xFEE0E0E0" glowcolor="0x600A0A0A" glow="3" Align="0x0403" left="-5" top="50" right="0" bottom="0" />
 </node>
 
 <node id="ZOOM_SL_OSD_ID" type="0" direction="0" autoscale="1" Align="0x0402" cx="526" cy="105" left="0" top="0" right="0" bottom="0" >
 <image cursor="img\osd\sliders\osd_zoom_up.png" back="img\osd\sliders\osd_zoom_back.png" />
 <cursor Align="0x0101" cx="426" cy="8" left="99" top="58"/>
 <text t="skin_str_slider_scale" color="0xFED0D0D0" glowcolor="0x600A0A0A" glow="3" Align="0x0401" left="98" top="50" right="0" bottom="0" />
 <text t="$PERCENT%" color="0xFEE0E0E0" glowcolor="0x600A0A0A" glow="3" Align="0x0403" left="-5" top="50" right="0" bottom="0" />
 </node>
 
 <node id="SHARP_SL_OSD_ID" type="0" Align="0x0402" cx="526" cy="105" left="0" top="0" right="0" bottom="0" >
 <image cursor="img\osd\sliders\osd_shar_up.png" back="img\osd\sliders\osd_shar_back.png" />
 <cursor Align="0x0101" cx="426" cy="8" left="99" top="58"/>  
 <text t="skin_str_slider_sharpness" color="0xFED0D0D0" glowcolor="0x600A0A0A" glow="3" Align="0x0401" left="98" top="50" right="0" bottom="0" />
 <text t="$PERCENT%" color="0xFEE0E0E0" glowcolor="0x600A0A0A" glow="3" Align="0x0403" left="-5" top="50" right="0" bottom="0" />
 </node>
 
 </sliders>
