﻿ <slidersXP>
 <node id="VOLUME_SL_OSD_ID" type="0" direction="0" autoscale="1" Align="0x0402" cx="526" cy="47" left="0" top="20" right="0" bottom="0" >
 <image cursor="img\osd\osdslidercursorXP.png" back="img\osd\osdsliderbackXP.png" rgn="img\osd\osdsliderrgnXP.png"/>
 <cursor Align="0x0101" cx="526" cy="47" left="0" top="0"/>
 <text t="skin_str_slider_volume" color="0xFEE0E0E0" Align="0x0201" left="20" top="0" right="0" bottom="0" />
 <text t="$PERCENT%" color="0xFEF0F0F0"  Align="0x0203" left="10" top="0" right="0" bottom="0" />
 </node>
 
 <node id="BRIGHTNESS_SL_OSD_ID" type="0" Align="0x0402" cx="526" cy="47" left="0" top="20" right="0" bottom="0" >
 <image cursor="img\osd\osdslidercursorXP.png" back="img\osd\osdsliderbackXP.png" rgn="img\osd\osdsliderrgnXP.png"/>
 <cursor Align="0x0101" cx="526" cy="47" left="00" top="0"/>
 <text t="skin_str_slider_brightness" color="0xFED0D0D0" Align="0x0201" left="20" top="0" right="0" bottom="0" />
 <text t="$PERCENT%" color="0xFEE0E0E0"  Align="0x0203" left="10" top="0" right="0" bottom="0" />
 </node>
 
 <node id="CONTRAST_SL_OSD_ID" type="0" Align="0x0402" cx="526" cy="47" left="0" top="20" right="0" bottom="0" >
 <image cursor="img\osd\osdslidercursorXP.png" back="img\osd\osdsliderbackXP.png" rgn="img\osd\osdsliderrgnXP.png"/>
 <cursor Align="0x0101" cx="526" cy="47" left="00" top="0"/>
 <text t="skin_str_slider_contrast" color="0xFED0D0D0" Align="0x0201" left="20" top="0" right="0" bottom="0" />
 <text t="$PERCENT%" color="0xFEE0E0E0"  Align="0x0203" left="10" top="0" right="0" bottom="0" />
 </node>
 
 <node id="SATUR_SL_OSD_ID" type="0" Align="0x0402" cx="526" cy="47" left="0" top="20" right="0" bottom="0" >
 <image cursor="img\osd\osdslidercursorXP.png" back="img\osd\osdsliderbackXP.png" rgn="img\osd\osdsliderrgnXP.png"/>
 <cursor Align="0x0101" cx="526" cy="47" left="00" top="0"/>
 <text t="skin_str_slider_saturation" color="0xFED0D0D0" Align="0x0201" left="20" top="0" right="0" bottom="0" />
 <text t="$PERCENT%" color="0xFEE0E0E0"  Align="0x0203" left="10" top="0" right="0" bottom="0" />
 </node>
 
 <node id="HUE_SL_OSD_ID" type="0" Align="0x0402" cx="526" cy="47" left="0" top="20" right="0" bottom="0" >
 <image cursor="img\osd\osdslidercursorXP.png" back="img\osd\osdsliderbackXP.png" rgn="img\osd\osdsliderrgnXP.png"/>
 <cursor Align="0x0101" cx="526" cy="47" left="00" top="0"/>
 <text t="skin_str_slider_hue" color="0xFED0D0D0" Align="0x0201" left="20" top="0" right="0" bottom="0" />
 <text t="$PERCENT%" color="0xFEE0E0E0"  Align="0x0203" left="10" top="0" right="0" bottom="0" />
 </node>
 
 <node id="GAMMA_SL_OSD_ID" type="0" Align="0x0402" cx="526" cy="47" left="0" top="20" right="0" bottom="0" >
 <image cursor="img\osd\osdslidercursorXP.png" back="img\osd\osdsliderbackXP.png" rgn="img\osd\osdsliderrgnXP.png"/>
 <cursor Align="0x0101" cx="526" cy="47" left="00" top="0"/>
 <text t="skin_str_slider_gamma" color="0xFED0D0D0" Align="0x0201" left="20" top="0" right="0" bottom="0" />
 <text t="$PERCENT%" color="0xFEE0E0E0"  Align="0x0203" left="10" top="0" right="0" bottom="0" />
 </node>
 
 <node id="ZOOM_SL_OSD_ID" type="0" Align="0x0402" cx="526" cy="47" left="0" top="20" right="0" bottom="0" >
 <image cursor="img\osd\osdslidercursorXP.png" back="img\osd\osdsliderbackXP.png" rgn="img\osd\osdsliderrgnXP.png"/>
 <cursor Align="0x0101" cx="526" cy="47" left="00" top="0"/>
 <text t="skin_str_slider_scale" color="0xFED0D0D0" Align="0x0201" left="20" top="0" right="0" bottom="0" />
 <text t="$PERCENT%" color="0xFEE0E0E0"  Align="0x0203" left="10" top="0" right="0" bottom="0" />
 </node>
 
 <node id="SHARP_SL_OSD_ID" type="0" Align="0x0402" cx="526" cy="47" left="0" top="20" right="0" bottom="0" >
 <image cursor="img\osd\osdslidercursorXP.png" back="img\osd\osdsliderbackXP.png" rgn="img\osd\osdsliderrgnXP.png"/>
 <cursor Align="0x0101" cx="526" cy="47" left="00" top="0"/>
 <text t="skin_str_slider_sharpness" color="0xFED0D0D0" Align="0x0201" left="20" top="0" right="0" bottom="0" />
 <text t="$PERCENT%" color="0xFEE0E0E0"  Align="0x0203" left="10" top="0" right="0" bottom="0" />
 </node>
</slidersXP>
